Galaxy,best_m,best_rc,best_mu,best_B,best_chi2_pt,best_chi2_tot,best_nll,best_AIC,best_k_eff,N_pts,is_boundary,rc_lo90,rmin_used,ef_used,nfw_rs,nfw_chi2_pt,nfw_AIC,dAIC_yuk_nfw
CamB,0.0012499999999999996,,0.0,278.4096590670425,0.07399463536782042,0.6659517183103837,49.45851576209948,53.45851576209948,2,9,True,800.0000000000002,0.0,6.0,12.087699936970944,0.20612696928175175,54.64770676732486,-1.189191005225382
D512-2,0.2508720666526624,3.986095436382405,1.902870800181825,469.885410079954,0.024530716599312417,0.09812286639724967,21.783706885859072,27.783706885859072,3,4,False,,0.0,6.0,1.9581431275744867,0.11930258019465691,26.16279434024045,1.6209125456186229
D564-8,0.3112085984901758,3.213278826007656,0.6793291563129795,515.9420409098825,0.002723184505119093,0.016339107030714558,32.544715136223445,38.544715136223445,3,6,False,,0.0,6.0,200.00000000000003,0.041513656862934706,36.77745797037034,1.7672571658531027
D631-7,0.0012499999999999996,,0.0,2658.7199114345176,0.7315386879883947,11.704619007814316,98.4469550856616,102.4469550856616,2,16,True,,0.0,6.0,200.00000000000003,0.5403415946123877,99.38780159164548,3.0591534940161154
DDO064,0.3860564991012387,2.590294431846262,1.6451648061279587,1589.3133167536755,0.19259825697363153,2.6963755976308414,79.55715071803584,85.55715071803584,3,14,False,,0.0,6.0,200.00000000000003,0.3089595232587863,87.18620844602802,-1.6290577279921763
DDO154,0.3249162586780778,3.0777160985064316,0.8154535132844486,1925.9544215091616,0.009236457231644209,0.11083748677973052,65.1675895451652,71.1675895451652,3,12,False,,0.0,6.0,17.661639333381366,0.11245048295504108,70.40615785384595,0.7614316913192454
DDO161,0.033084080815161204,30.22601732799955,0.7446634849719255,3455.8060555157617,0.054786705204275525,1.6983878613325414,170.2291714730141,176.2291714730141,3,31,False,,0.0,6.0,86.83960612467332,0.05376702448589807,174.19756137074444,2.031610102269667
DDO168,0.0012499999999999996,,0.0,2809.371533630202,0.5844964739939477,5.844964739939477,60.05892478859403,64.05892478859403,2,10,True,,0.0,6.0,200.00000000000003,1.0306223056700168,68.52018310535472,-4.461258316760691
DDO170,0.016599743454806373,60.24189486557727,1.983815061060504,2449.7485928922692,0.06235018524795916,0.4988014819836733,43.86996952090732,49.86996952090732,3,8,False,,0.0,6.0,16.371691167089814,0.13449598462899476,48.4471359159556,1.4228336049517196
ESO079-G014,0.08916117070568895,11.21564456910159,0.5201386282595283,23543.334497853983,1.2392931240779745,18.589396861169618,104.52709197833641,110.52709197833641,3,15,False,,0.0,6.0,69.16803536471991,1.9354314204051115,118.96916642324348,-8.442074444907064
ESO116-G012,0.4587016393229221,2.1800663312999595,0.9597519473116489,8927.942060848001,0.1518776230650237,2.2781643459753553,83.5991044189572,89.5991044189572,3,15,False,,0.0,6.0,22.17396800616915,0.5596811985965103,95.71615805192948,-6.117053632972286
ESO444-G084,0.025544648830967184,39.147142190802924,4.056843024043767,3211.6015818393316,0.08507712176335343,0.595539852343474,38.953912813427124,44.953912813427124,3,7,False,,0.0,6.0,7.668649016134385,0.09360310338139108,43.013594684753386,1.9403181286737379
ESO563-G021,0.05793982801009974,17.2592849227251,0.36180964188498027,87662.27341400963,10.29987586687964,308.9962760063892,495.8426490223859,501.8426490223859,3,30,False,,0.0,6.0,200.00000000000003,13.116912217116418,586.3537395294893,-84.5110905071034
F561-1,0.17770246782622962,5.62738386378445,0.9167099904994549,0.0,0.37493254639001466,2.249595278340088,35.7996225550648,39.7996225550648,2,6,False,,0.0,6.0,5.2484555073989805,0.16716414370665234,38.553012138964625,1.2466104161001752
F563-1,0.0012499999999999996,,3.3258091611729834,11155.830088942652,0.9450283094458709,16.065481260579805,132.47144748189868,138.47144748189868,3,17,True,9.41380755981668,0.0,6.0,19.053224297895927,0.9782039089052852,137.0354326727087,1.4360148091899703
F563-V1,0.4789058567834196,2.0880930684717853,1.0392925173904326,0.0,0.10774426501989881,0.6464655901193929,33.174841619312126,37.174841619312126,2,6,False,,0.0,6.0,6.589370460244033,0.09961321287589282,37.12605530644809,0.04878631286403845
F563-V2,0.0012499999999999996,,4.1841863663951315,5819.186810564224,0.03704831690958778,0.37048316909587775,71.91879914470134,77.91879914470134,3,10,True,,0.0,6.0,11.204854008908788,0.4437052106294643,79.9853680819001,-2.0665689371987668
F565-V2,0.4030609499058906,2.481014348409308,0.8083791348069049,5780.159730597724,0.04887695356138124,0.3421386749296687,41.26011728301537,47.26011728301537,3,7,False,,0.0,6.0,200.00000000000003,0.33939241117797436,47.293725486331525,-0.03360820331615599
F567-2,0.230150856467811,4.344976227102855,0.8283438600642465,1463.2970202574854,0.08098449685389092,0.4049224842694546,29.684282045935838,35.68428204593584,3,5,False,,0.0,6.0,7.108556062724371,0.22769481110197104,34.41783361717624,1.2664484287595954
F568-1,0.09308841126368937,10.742475743487805,2.1979525459866838,14538.957331560736,0.44132771677457255,5.29593260129487,86.04563187402015,92.04563187402015,3,12,False,,0.0,6.0,86.83960612467332,0.7281702740956771,95.48774256187339,-3.442110687853244
F568-3,0.07187477231871248,13.913087551299995,1.3557661845673625,8003.876022670187,0.632539128243674,11.385704308386131,121.73053269726991,127.73053269726991,3,18,False,,0.0,6.0,200.00000000000003,1.2274801980610857,138.43947195398331,-10.708939256713407
F568-V1,0.01338141673017669,74.73050276843115,3.4459302895130737,7002.82439106131,0.11798722815159528,1.7698084222739292,108.11850993020394,114.11850993020394,3,15,False,,0.0,6.0,32.39893673378488,0.12014580880017244,114.15088863993259,-0.03237870972864698
F571-8,0.14324985096532217,6.980810055028115,0.15639954768123507,19746.672360673896,0.20841465350288946,2.709390495537563,74.83576760865158,80.83576760865158,3,13,False,,0.0,6.0,34.951693721624565,0.8233073007055853,86.82937202228662,-5.99360441363504
F571-V1,0.0012499999999999996,,1.6494303073473293,5151.390544325641,0.03638518624313088,0.2546963037019162,40.55607219247858,46.55607219247858,3,7,True,,0.0,6.0,19.053224297895927,0.2387602732550558,45.972697801562056,0.583374390916525
F574-1,0.2980792409966095,3.354812621826874,0.219291159578546,9005.441533981826,0.15448533973889284,2.1627947563445,78.15355984696497,84.15355984696497,3,14,False,,0.0,6.0,23.92108558107574,0.7534620413668894,92.53923366975692,-8.385673822791958
F574-2,0.14955951043015286,6.686301640891095,0.25769575888012364,566.1884012802167,0.04595868369387713,0.22979341846938564,31.10616837257131,37.10616837257131,3,5,False,,0.0,6.0,200.00000000000003,0.060418966916413755,35.178469788684,1.927698583887313
F579-V1,0.5,2.0,1.167373147801419,7527.973759371327,0.5566397907035937,7.792957069850313,101.16228297104561,107.16228297104561,3,14,False,,0.0,6.0,3.8750886917236347,0.16382428403590366,101.66286587769794,5.499417093347674
F583-1,0.230150856467811,4.344976227102855,3.587167784440235,6086.060424766128,0.8877888791895058,22.194721979737643,170.5312745263035,176.5312745263035,3,25,False,,0.0,6.0,22.17396800616915,0.8682540781401714,174.04290450007014,2.488370026233355
F583-4,0.009478579292193035,105.50104284337664,1.4212863954044832,1978.4011965340171,0.22555953131842046,2.7067143758210457,68.31113976546597,74.31113976546597,3,12,False,,0.0,6.0,200.00000000000003,0.0563137583953714,72.28019049038937,2.030949275076594
IC2574,0.06049187662816835,16.53114526677364,1.1119028542921001,3193.150093174639,0.0822001242913188,2.7948042259048393,191.3228389782992,197.3228389782992,3,34,False,,0.0,6.0,14.067554524100457,1.0531119670257418,228.33384163126954,-31.011002652970348
IC4202,0.43934980317580585,2.276090697598082,0.9984771539170779,0.0,29.41268127112399,941.2058006759677,1129.0816804389196,1133.0816804389196,2,32,False,,0.0,6.0,20.554454164387554,11.53103846968271,560.8691107927986,572.2125696461211
KK98-251,0.4587016393229221,2.1800663312999595,0.0,914.0501915521254,0.012657321487323302,0.18985982230984955,81.51079989529168,85.51079989529168,2,15,False,,0.0,6.0,200.00000000000003,0.1508440004330036,87.5836000794769,-2.072800184185212
NGC0024,0.3860564991012387,2.590294431846262,1.6588844604504738,8044.003885402502,0.8423217704966344,24.427331344402397,197.19570366150262,203.19570366150262,3,29,False,,0.0,6.0,200.00000000000003,0.3027904574329544,187.5492955826559,15.646408078846719
NGC0055,0.1014694556150866,9.85518246784916,0.6279898919585147,4958.426374436436,0.032198356944740956,0.6761654958395601,115.2915923611672,121.2915923611672,3,21,False,,0.0,6.0,59.43339016643987,0.2500211087397806,123.86587014886304,-2.5742777876958343
NGC0100,0.06049187662816835,16.53114526677364,0.6610137077973723,6314.654717408312,0.06253869910432644,1.3133126811908553,119.36519403523438,125.36519403523438,3,21,False,,0.0,6.0,200.00000000000003,0.35437802640243427,131.49381990849463,-6.128625873260248
NGC0247,0.0012499999999999996,,1.8820241520664267,4099.859621623444,0.4286921714764592,11.14599645838794,159.4949998350464,165.4949998350464,3,26,True,,0.0,6.0,19.053224297895927,0.1927073926861708,157.35939558649892,8.13560424854748
NGC0289,0.05315418818064179,18.813192981173017,0.8825868424464526,21744.329428051406,1.3511707568311895,37.832781191273305,216.87961398140783,222.87961398140783,3,28,False,,0.0,6.0,25.80586096353838,1.1943110158705128,218.4875412345089,4.3920727468989185
NGC0300,0.06049187662816835,16.53114526677364,0.9460678163746781,6644.086753960004,0.18229818450867577,4.557454612716894,151.32949201384167,157.32949201384167,3,25,False,,0.0,6.0,9.627893239384193,0.3635104001467966,159.85979740479473,-2.5303053909530604
NGC0801,0.007318534275995081,136.6393819155862,0.3852857028871793,34197.22596718866,5.885231273457912,76.50800655495286,148.35956123569622,154.35956123569622,3,13,False,,0.0,6.0,171.85218534269552,4.187003027082391,132.28259403281442,22.076967202881804
NGC0891,0.1855296456591404,5.389974181469761,0.4496087954479655,28690.35182075244,6.4100955399627955,115.38171971933032,215.83701685748719,221.83701685748719,3,18,False,,0.0,6.0,2.8610916768857493,2.298911534834792,147.8357047651831,74.00131209230409
NGC1003,0.041041039603174026,24.365854512190822,0.946069461483124,10119.638653043206,0.7823931703952327,28.16615413422838,223.8091878655132,229.8091878655132,3,36,False,,0.0,6.0,27.839140402403352,0.3534322131135718,214.36659340337343,15.442594462139766
NGC1090,0.05091170406455473,19.641848929904718,0.3928328508447718,19855.990295129173,1.1885544225358151,28.525306140859563,162.47742447440692,168.47742447440692,3,24,False,,0.0,6.0,17.661639333381366,1.5774590361221799,177.81113520047967,-9.333710726072752
NGC1705,0.10593883346573395,9.439409207044472,1.3157778701849476,4254.463896825014,0.4763159563160463,6.668423388424648,85.74305277594607,91.74305277594607,3,14,False,,0.0,6.0,0.9894804514426969,0.09028628253648183,84.33863734303216,7.404415432913908
NGC2366,0.5,2.0,0.6589244439398837,1883.0412482562613,0.07615659750751386,1.9800715351953602,143.36120683759964,149.36120683759964,3,26,False,,0.0,6.0,9.627893239384193,0.35595189500205104,154.63588457245763,-5.274677734857988
NGC2403,0.11060507192089296,9.041176707657861,0.8828211641174216,14171.3423506173,0.6043050760036519,44.11427054826659,441.28680577552143,447.28680577552143,3,73,False,,0.0,6.0,13.040106515450876,0.31105325228759856,425.87942264424953,21.4073831312719
NGC2683,0.06315633414306439,15.833724575190793,0.7090968955719091,17102.992008740024,0.9225791714489294,10.148370885938224,78.6862231468899,84.6862231468899,3,11,False,,0.0,6.0,5.2484555073989805,0.604992709932779,81.19277207021224,3.4934510766776583
NGC2841,0.022446072872161025,44.55122308901797,1.198121946254417,57263.86100450246,1.1018513646831212,55.09256823415606,353.22310516168466,359.22310516168466,3,50,False,,0.0,6.0,47.33889311952441,0.5648997294580745,332.3755234004324,26.84758176125223
NGC2903,0.5,2.0,0.26138077138563837,36833.3828289766,11.077912423948199,376.64902241423874,565.0040355939891,571.0040355939891,3,34,False,,0.0,6.0,3.086521043010717,5.351268977250966,374.2981584062833,196.70587718770582
NGC2915,0.5,2.0,0.0,6761.726907552679,0.37350309416548144,11.205092824964444,190.3894183857865,194.3894183857865,2,30,False,,0.0,6.0,4.509792743102108,0.5971250578141623,201.09807729524692,-6.708658909460411
NGC2955,0.013970821760307176,71.5777509123424,0.5874670987844604,13458.39751281589,6.821928985682312,163.7262956563755,311.3035803014217,317.3035803014217,3,24,False,,0.0,6.0,4.180412283592646,2.6447954414047974,215.05237523876133,102.25120506266035
NGC2976,0.5,2.0,0.46691119436336764,4087.8915989206116,0.0998551685466224,2.6960895507588045,149.0737816821261,155.0737816821261,3,27,False,,0.0,6.0,0.5,0.4074606732146747,161.37913030816352,-6.305348626037414
NGC2998,0.013970821760307176,71.5777509123424,0.42150379417081996,32204.046270131013,5.147868320699848,66.92228816909802,148.41068522943405,154.41068522943405,3,13,False,,0.0,6.0,6.589370460244033,0.5499475055095824,92.63771463196058,61.772970597473474
NGC3109,0.261922111725308,3.8179289003623893,0.0,3938.593328837029,0.05866667663906955,1.4666669159767387,137.00156703761314,141.00156703761314,2,25,False,,0.0,6.0,200.00000000000003,0.5118428916709045,152.330972413409,-11.329405375795858
NGC3198,0.03765118429098579,26.559589527690203,0.746145835030313,16494.796223001067,0.5357344374079268,23.03658080854085,269.06605768107045,275.06605768107045,3,43,False,,0.0,6.0,19.053224297895927,0.47279993416511207,272.3598740416295,2.706183639440951
NGC3521,0.026669802080244245,37.495591343017644,0.3075696101427235,31668.228525390274,2.815052470088443,115.41715127362616,394.4473745868024,400.4473745868024,3,41,False,,0.0,6.0,2.112427929979546,0.24886044794766726,293.2335016790306,107.21387290777182
NGC3726,0.010787053076703189,92.70372481615959,0.4358794450515296,14082.807185897256,3.236882687788762,38.84259225346514,108.37615432021576,114.37615432021576,3,12,False,,0.0,6.0,200.00000000000003,1.1027855386772485,88.7669885308776,25.609165789338164
NGC3741,0.2111411503067189,4.73616819150283,1.4041050840127463,2330.4301418921045,0.047686624979522294,1.0014191245699682,114.85073522674452,120.85073522674452,3,21,False,,0.0,6.0,11.204854008908788,0.07266271874775157,119.37523319587736,1.4755020308671618
NGC3769,0.041041039603174026,24.365854512190822,0.558495099117939,11151.978334162468,0.6736205252780079,8.083446303336094,79.64349914281303,85.64349914281303,3,12,False,,0.0,6.0,4.865125544090533,0.33743764298658124,79.6093045553159,6.034194587497126
NGC3877,0.16302482660724069,6.134035047368579,0.19518151444378753,24402.398477842566,5.981972673015946,77.7656447492073,151.32837739658038,157.32837739658038,3,13,False,,0.0,6.0,6.589370460244033,3.8010280521848308,128.97609732577587,28.35228007080451
NGC3893,0.05793982801009974,17.2592849227251,0.3818541848268275,23039.51833204764,1.512786289621347,15.12786289621347,75.41786117419286,81.41786117419286,3,10,False,,0.0,6.0,3.3297123003473708,0.5217312379590873,69.50731065757026,11.910550516622607
NGC3917,0.17020550521369712,5.875250619799141,0.5330234658240706,13095.887461539793,0.8702956718794954,14.795026421951421,107.40504560729258,113.40504560729258,3,17,False,,0.0,6.0,200.00000000000003,1.0633809429103682,116.68749521481742,-3.282449607524839
NGC3949,0.0659381517771104,15.165726867508855,0.5226775611052206,6364.1752329212895,0.8741798865652227,6.119259205956559,49.23336233380023,55.23336233380023,3,7,False,,0.0,6.0,3.3297123003473708,0.234102949021986,48.752823770997566,6.480538562802664
NGC3953,0.19370158354843892,5.162580406834569,0.7129687507944121,8653.635958170631,0.40817273293223927,3.265381863457914,48.30283106462687,54.30283106462687,3,8,False,,0.0,6.0,6.589370460244033,0.16182251013869955,52.332029282278555,1.9708017823483175
NGC3972,0.4208143878350722,2.3763446044338323,0.0,15790.688551778108,0.7964885254021506,7.964885254021507,62.40252426618713,66.40252426618713,2,10,False,,0.0,6.0,20.554454164387554,0.6072714769942023,64.51035378210764,1.892170484079486
NGC3992,0.009896077859494246,101.05013462890302,0.9739966173172615,26436.726105882088,4.662086131985252,41.95877518786727,92.45528712659247,98.45528712659247,3,9,False,,0.0,6.0,10.386488249676107,0.3088238307225378,59.27592641522804,39.179360711364424
NGC4010,0.3541694980180128,2.8235068395108964,0.38850320492577534,11793.57554679975,0.6471368625649291,7.765642350779149,73.33129121144987,79.33129121144987,3,12,False,,0.0,6.0,25.80586096353838,1.323273745181292,85.44493380284621,-6.113642591396342
NGC4013,0.016599743454806373,60.24189486557727,0.6816831016300717,18738.95651299217,1.9581205006331244,70.49233802279248,271.0702430945645,277.0702430945645,3,36,False,,0.0,6.0,200.00000000000003,0.5706150519210919,227.12004694093136,49.95019615363313
NGC4051,0.261922111725308,3.8179289003623893,0.3933529403699671,11076.269549194561,0.3923924099451432,2.7467468696160022,44.926591469817446,50.926591469817446,3,7,False,,0.0,6.0,7.108556062724371,0.45951143236896036,51.39642462678417,-0.4698331569667218
NGC4068,0.5,2.0,0.24915074192703426,1252.663805244324,0.017818924868381634,0.1069135492102898,32.63528957840302,38.63528957840302,3,6,False,,0.0,6.0,200.00000000000003,0.32091583204318774,38.45387102145185,0.18141855695116504
NGC4085,0.13720638522128958,7.288290544111174,0.13580493496715562,15629.49007936245,0.4801975650711605,3.3613829554981236,42.188405455019016,48.188405455019016,3,7,False,,0.0,6.0,30.032624737448785,2.060813683865639,57.25271828658036,-9.064312831561345
NGC4088,0.17020550521369712,5.875250619799141,0.37384650659530344,13714.177936217999,1.5372789648532972,18.447347578239565,88.50461063656564,94.50461063656564,3,12,False,,0.0,6.0,200.00000000000003,0.344342121367567,80.18936851473688,14.31524212182876
NGC4100,0.2508720666526624,3.986095436382405,0.826685607759718,15542.902935602724,1.2232127415894065,29.357105798145756,164.59322428594473,170.59322428594473,3,24,False,,0.0,6.0,7.108556062724371,0.6462445889620564,156.74598862288832,13.84723566305641
NGC4138,0.023434744589386013,42.67168332839081,0.5529121456590648,17209.590698005693,0.21227141634807248,1.4858999144365073,50.538586662376666,56.538586662376666,3,7,False,,0.0,6.0,0.9172120470309147,0.6915732612066708,57.89369957638686,-1.355112914010192
NGC4157,0.11547684200792004,8.659744955022363,0.4783382588687427,19134.1261463568,1.4936077691395173,25.391332075371793,128.1021168465209,134.1021168465209,3,17,False,,0.0,6.0,136.880837716175,0.2764387906035678,113.41024421140973,20.691872635111153
NGC4183,0.015228659070119253,65.66566336507849,1.3126406235183716,5747.433925137576,0.8399629971371599,19.31914893415468,147.25517561796457,153.25517561796457,3,23,False,,0.0,6.0,9.627893239384193,0.12173177865453633,136.73585759286425,16.51931802510032
NGC4214,0.13720638522128958,7.288290544111174,0.517628458033223,5358.044322128623,2.1584881426787814,30.21883399750294,110.3896884542502,116.3896884542502,3,14,False,,0.0,6.0,1.682555878437282,0.42325889808062056,90.09647902987595,26.293209424374254
NGC4217,0.43934980317580585,2.276090697598082,0.18596554164298595,30534.724291545626,1.6395266079147433,31.15100555038012,140.16601049252657,146.16601049252657,3,19,False,,0.0,6.0,6.589370460244033,3.25238960174998,174.81040737539604,-28.644396882869472
NGC4389,0.14955951043015286,6.686301640891095,0.05123789312633769,10002.89925866999,0.06664782935890663,0.3998869761534398,34.0690901607641,40.0690901607641,3,6,False,,0.0,6.0,5.661988568127707,4.8978293685517365,67.05617939592108,-26.98708923515698
NGC4559,0.3541694980180128,2.8235068395108964,0.6576375766119251,9388.165858497476,0.07334041776305925,2.346893368417896,179.1848660316131,185.1848660316131,3,32,False,,0.0,6.0,6.108104470051255,0.17550584846999273,186.45415981423494,-1.269293782621844
NGC5005,0.04876382651067896,20.507004301252007,0.22362941418901242,44381.64966335506,0.35714474309242106,6.428605375663579,147.6675007579044,153.6675007579044,3,18,False,,0.0,6.0,40.67646117147285,0.04558601238372702,148.05944360514792,5.608057152756487
NGC5033,0.17770246782622962,5.62738386378445,0.0,53591.03127311811,2.9238941660194713,64.32567165242837,188.3057859477345,192.3057859477345,2,22,False,,0.0,6.0,8.272872467171695,0.53751172783731,141.80537230772697,50.50041364000754
NGC5055,0.0027156101419392826,368.2413703484978,0.36409380471905645,26714.687891914866,0.27907108833304856,7.81399047332536,163.14204546929804,169.14204546929804,3,28,False,,0.0,6.0,16.371691167089814,0.13398769729077048,165.07971052011428,4.062334949183764
NGC5371,0.0012499999999999996,,0.5787616548167283,14956.713989075808,6.218396149523044,118.14952684093784,222.486003540568,228.486003540568,3,19,True,,0.0,6.0,5.2484555073989805,2.462747336142197,157.1286760863319,71.3573274542361
NGC5585,0.4789058567834196,2.0880930684717853,0.7018119487927001,6595.621093102329,0.3220632623916951,7.729518297400682,137.8430224141716,143.8430224141716,3,24,False,,0.0,6.0,11.204854008908788,0.40069881559266673,143.73027569099492,0.11274672317668433
NGC5907,0.010787053076703189,92.70372481615959,1.0884813249918257,24239.4811990775,1.7678918225281306,33.58994462803448,137.21307143978717,143.21307143978717,3,19,False,,0.0,6.0,5.661988568127707,0.7820345492724003,122.48178324792829,20.73128819185888
NGC5985,0.5,2.0,1.5444886039509997,20794.436238703915,5.469727499868282,180.50100749565328,368.6193256118906,374.6193256118906,3,33,False,,0.0,6.0,8.272872467171695,0.912901713605464,224.24407466521765,150.37525094667294
NGC6015,0.15614708852661807,6.404218032086663,0.9697938051602681,15768.725722864083,2.9649977225862973,130.4598997937971,373.2173366369135,379.2173366369135,3,44,False,,0.0,6.0,7.668649016134385,1.396416338203631,310.19975572407617,69.01758091283733
NGC6195,0.015228659070119253,65.66566336507849,0.48809038200121735,24455.927808849145,4.083753092006387,93.92632111614691,229.39811308535388,235.39811308535388,3,23,False,,0.0,6.0,200.00000000000003,1.9517514172331678,186.36207456556986,49.03603851978403
NGC6503,0.14955951043015286,6.686301640891095,0.690258995175451,11130.215704416603,0.8918658777715779,27.647842210918913,197.75442085681198,203.75442085681198,3,31,False,,0.0,6.0,7.108556062724371,0.17275923998192508,181.46211508533278,22.292305771479192
NGC6674,0.00436300628439257,229.19976154451558,1.2493570506354588,37951.12957703902,0.4019894748968536,6.029842123452804,93.28590498960921,99.28590498960921,3,15,False,,0.0,6.0,200.00000000000003,0.4752746899583585,100.38518321553181,-1.0992782259226033
NGC6789,0.5,2.0,0.6518272808495956,2683.0048661574447,0.2654636246165535,1.061854498466214,23.645338958023842,29.645338958023842,3,4,False,,0.0,6.0,20.554454164387554,0.5921865457276024,28.952230642468038,0.6931083155558042
NGC6946,0.14955951043015286,6.686301640891095,0.57803747150982,13698.722489747912,0.49713431931577373,28.833790520314878,369.55866240792966,375.55866240792966,3,58,False,,0.0,6.0,13.040106515450876,0.33317760816555547,366.049173161217,9.509489246712633
NGC7331,0.06315633414306439,15.833724575190793,0.460430750354719,36236.00049456046,2.25978251408886,81.35217050719895,282.17134778824857,288.17134778824857,3,36,False,,0.0,6.0,32.39893673378488,0.3901918289777678,220.8660831242493,67.30526466399928
NGC7793,0.0012499999999999996,,0.6299029822617194,5915.088385275517,0.5372443718127671,24.713241103387286,289.87498327236926,295.87498327236926,3,46,True,,0.0,6.0,10.386488249676107,0.7939386594359795,307.6829205030371,-11.807937230667847
NGC7814,0.16302482660724069,6.134035047368579,0.8355800879401547,32424.503881999644,4.0034434027983785,72.0619812503708,173.84640174218987,179.84640174218987,3,18,False,,0.0,6.0,11.204854008908788,0.13266278948473575,110.17235070254432,69.67405103964555
PGC51017,0.039309588468880614,25.43908595714882,0.8220642928952433,0.0,0.4929308596419655,2.957585157851793,35.48596118704452,39.48596118704452,2,6,False,,0.0,6.0,0.7881244735245502,0.306941822261305,38.37002696276056,1.1159342242839614
UGC00128,0.008328823892822558,120.06497110135314,1.9911237008936429,12710.081513685707,0.5195405903981999,11.429892988760399,133.1571552894982,139.1571552894982,3,22,False,,0.0,6.0,15.175956580880484,0.21920306672061846,130.54972976859142,8.607425520906787
UGC00191,0.0012499999999999996,,1.6442817065161415,3747.7625745342325,0.3065119435830282,2.7586074922472537,51.997458638664774,57.997458638664774,3,9,True,800.0000000000002,0.0,6.0,5.2484555073989805,0.6411756087978676,59.00943162559833,-1.0119729869335572
UGC00634,0.0750406069383457,13.326118228516094,1.7667203172425758,8925.129719201173,0.027282553035896464,0.10913021214358586,21.794714231605408,27.794714231605408,3,4,False,,0.0,6.0,22.17396800616915,0.21141480170481985,26.5312432262811,1.263471005324309
UGC00731,0.0015506339677558167,644.8975198494253,13.063937502497518,1908.0852479107043,0.017891293302661575,0.2146955196319389,65.2714475780174,71.2714475780174,3,12,False,,0.0,6.0,25.80586096353838,0.010284909659852149,71.18017097430368,0.09127660371372315
UGC00891,0.261922111725308,3.8179289003623893,0.0,3135.550493875471,0.2660032562784102,1.330016281392051,28.436996305719326,32.436996305719326,2,5,False,,0.0,6.0,200.00000000000003,0.3371220124671904,32.792590086663225,-0.3555937809438987
UGC01230,0.0012499999999999996,,1.9896314755680937,7175.910420316946,0.5504041439224002,6.054445583146403,79.50368506316958,85.50368506316958,3,11,True,,0.0,6.0,32.39893673378488,0.7369231522689215,87.55539415498133,-2.0517090918117447
UGC01281,0.5,2.0,0.9649863174097024,2538.5094092261756,0.11432681347914855,2.8581703369787137,140.5430443752003,146.5430443752003,3,25,False,,0.0,6.0,200.00000000000003,0.9367185226909877,167.10283710549632,-20.55979273029601
UGC02023,0.261922111725308,3.8179289003623893,0.0,2895.5699884028627,0.04412860293536383,0.22064301467681915,31.031757739496552,35.031757739496555,2,5,False,,0.0,6.0,14.067554524100457,0.5141675619253854,37.381952534446654,-2.3501947949500988
UGC02259,0.0012499999999999996,,3.2757045295500227,2278.517767480046,0.9536368446053763,7.629094756843011,51.00026279576665,57.00026279576665,3,8,True,,0.0,6.0,3.592064932844225,0.05495552093764788,47.81081220642483,9.189450589341824
UGC02455,0.026669802080244245,37.495591343017644,0.0874689462517229,2196.4697152164117,0.1340977277567707,1.0727818220541656,44.44394986097781,50.44394986097781,3,8,False,,0.0,6.0,200.00000000000003,0.5655993405630843,51.895962763428315,-1.4520129024505053
UGC02487,0.031688320137353315,31.557368635051994,1.3177041721916427,65095.40545536447,1.4514113129484532,24.673992320123705,126.3820026723013,132.3820026723013,3,17,False,,0.0,6.0,32.39893673378488,1.2318505553606356,128.6494697933084,3.7325328789928847
UGC02885,0.018891260829999718,52.93452930425793,0.9864162911388645,60844.76121384414,1.4073237152397242,26.73915058955476,149.15704838510604,155.15704838510604,3,19,False,,0.0,6.0,200.00000000000003,1.3479511064271417,154.02896881766702,1.1280795674390163
UGC02916,0.12587358765315565,7.944478413974323,0.31850153689462296,35398.39904213314,2.992132549696903,128.66169963696683,389.9465328703055,395.9465328703055,3,43,False,,0.0,6.0,2.4584242856930683,1.6497956436747163,336.2260459113514,59.7204869589541
UGC02953,0.010787053076703189,92.70372481615959,0.3515060414612629,64963.467280084406,2.2248747109536766,255.86059175967281,937.3091933504527,943.3091933504527,3,115,False,,0.0,6.0,30.032624737448785,2.016068510246983,919.2964802691829,24.012713081269794
UGC03205,0.09718863315738041,10.289269099820249,0.9761676758943204,25380.531129946103,3.678680175515829,176.57664842475978,462.671660548604,468.671660548604,3,48,False,,0.0,6.0,3.8750886917236347,1.3218147199311094,353.54211868053744,115.12954186806655
UGC03546,0.11547684200792004,8.659744955022363,0.5857806224667393,25527.3708168954,2.128996743919625,63.86990231758875,269.89178906429146,275.89178906429146,3,30,False,,0.0,6.0,16.371691167089814,0.1733060028883496,217.22106683335323,58.670722230938225
UGC03580,0.14324985096532217,6.980810055028115,0.38003597345986473,13420.835538375522,1.4323303951591821,67.31952857248156,336.5333087627718,342.5333087627718,3,47,False,,0.0,6.0,16.371691167089814,0.5235084698379987,299.81867827267615,42.71463049009566
UGC04278,0.2508720666526624,3.986095436382405,1.416263841438623,7004.379115855393,0.3611649581129764,9.02912395282441,152.41468654302503,158.41468654302503,3,25,False,,0.0,6.0,200.00000000000003,1.0522204342299244,173.69107344594872,-15.27638690292369
UGC04305,0.0012499999999999996,,1.0091100901450651,0.0,0.6979927892858732,15.355841364289208,134.62655347132923,138.62655347132923,2,22,True,,0.0,6.0,1.3401613583528338,0.5153087505652366,134.6075046194752,4.0190488518540235
UGC04325,0.0012499999999999996,,3.84494706899439,0.0,1.0153799502352174,8.12303960188174,51.494207640805385,55.494207640805385,2,8,True,,0.0,6.0,2.8610916768857493,0.3206304444723002,51.936211594702044,3.557996046103341
UGC04483,0.5,2.0,1.442343237243227,405.7492973712104,0.03201576990641133,0.2561261592512906,43.62729419817494,49.62729419817494,3,8,False,,0.0,6.0,3.3297123003473708,0.03857785457379342,47.67979087551399,1.9475033226609497
UGC04499,0.14324985096532217,6.980810055028115,0.845779923443331,3841.5336036671806,0.1872808858026439,1.6855279722237952,50.478092016012894,56.478092016012894,3,9,False,,0.0,6.0,12.087699936970944,0.24834342074239688,55.02765483047067,1.4504371855422278
UGC05005,0.12587358765315565,7.944478413974323,0.86937981249613,7885.709387171595,0.01002680380839261,0.11029484189231872,73.99893198407457,79.99893198407457,3,11,False,,0.0,6.0,40.67646117147285,0.1576510426837268,79.62279861170325,0.3761333723713278
UGC05253,0.14324985096532217,6.980810055028115,0.7176244578964432,38556.3859396688,0.5396994327205723,39.39805858860178,462.21366393817937,468.21366393817937,3,73,False,,0.0,6.0,23.92108558107574,1.0879359151675312,508.23492715680726,-40.021263218627894
UGC05414,0.07187477231871248,13.913087551299995,0.8918820617161214,2056.592965079586,0.028974611614684825,0.17384766968810894,32.70222369888084,38.70222369888084,3,6,False,,0.0,6.0,200.00000000000003,0.08075171178402567,37.012886299896884,1.6893373989839588
UGC05716,0.2980792409966095,3.354812621826874,2.8112157499161023,4000.4523416559127,0.060862931716691805,0.7303551806003017,65.78710723898577,71.78710723898577,3,12,False,,0.0,6.0,6.589370460244033,0.035953936028119124,69.4881992907229,2.2989079482628654
UGC05721,0.5,2.0,1.3454456500114795,5325.7183496841135,0.2728296832129375,6.275082713897563,133.56721081084876,139.56721081084876,3,23,False,,0.0,6.0,1.9581431275744867,0.45355718319215405,141.72394331037074,-2.156732499521979
UGC05750,0.2980792409966095,3.354812621826874,1.2535175307077897,5047.2070873967805,0.18224577470717768,2.0047035217789544,69.8338449628339,75.8338449628339,3,11,False,,0.0,6.0,200.00000000000003,0.4955559024985013,79.28025636853846,-3.4464114057045663
UGC05764,0.5,2.0,7.231446890371931,1544.2133549584219,0.19903632429531024,1.9903632429531024,56.20432329160765,62.20432329160765,3,10,False,,0.0,6.0,3.8750886917236347,0.29814186353413663,63.19537868399592,-0.9910553923882688
UGC05829,0.0012499999999999996,,3.1758768828308797,1981.511985189913,0.04476780625198787,0.4924458687718665,60.12780192229188,66.12780192229188,3,11,True,800.0000000000002,0.0,6.0,22.17396800616915,0.09977045303369314,64.73283103689063,1.39497088540125
UGC05918,0.5,2.0,4.750496721666138,228.00255877875244,0.0567256891219696,0.4538055129757568,43.824973551899404,49.824973551899404,3,8,False,,0.0,6.0,7.668649016134385,0.028201461221217042,49.59677972869338,0.228193823206027
UGC05986,0.13720638522128958,7.288290544111174,0.6747561462745176,10275.959172076402,0.028900622399361694,0.4335093359904254,81.88039900729504,87.88039900729504,3,15,False,,0.0,6.0,147.665868035301,1.2087094008274701,105.57753068371667,-17.697131676421634
UGC05999,0.010787053076703189,92.70372481615959,1.2881772552633552,6888.194990362179,0.09668100635858093,0.48340503179290467,27.59038505612018,33.59038505612018,3,5,False,,0.0,6.0,47.33889311952441,0.9136946467612116,35.67545325813333,-2.0850682020131472
UGC06399,0.4789058567834196,2.0880930684717853,0.0,6973.3252203844395,0.07982755858099011,0.718448027228911,49.67109748636508,53.67109748636508,2,9,False,,0.0,6.0,200.00000000000003,0.31500357640990845,57.78768164682535,-4.11658416046027
UGC06446,0.1014694556150866,9.85518246784916,2.4874192617151674,4791.34956026579,0.07835978347775875,1.3321163191218988,95.07730341963226,101.07730341963226,3,17,False,,0.0,6.0,4.509792743102108,0.15678122917445345,100.41046799647606,0.6668354231562006
UGC06614,0.05091170406455473,19.641848929904718,0.7309214843476154,44461.51639878782,0.9373593982210853,12.185672176874109,102.5142344289633,108.5142344289633,3,13,False,,0.0,6.0,80.49712632608055,0.2136835539373242,99.10644845327444,9.407785975688867
UGC06628,0.4789058567834196,2.0880930684717853,0.6933525321818087,0.0,0.32437546619366714,2.27062826335567,44.712650854719485,48.712650854719485,2,7,False,,0.0,6.0,1.9581431275744867,0.135691219330392,47.39186112667655,1.3207897280429322
UGC06667,0.24028820404664064,4.161669125488562,14.337899042492207,0.0,0.4685983237657637,4.217384913891873,53.00994895768097,57.00994895768097,2,9,False,,0.0,6.0,126.88351061196293,0.4670597799161369,56.99610206303433,0.01384689464664035
UGC06786,0.0817967503333008,12.225424554462814,0.9650761336226759,38025.90548217288,1.4739577616994635,66.32809927647585,332.2557355773138,338.2557355773138,3,45,False,,0.0,6.0,14.067554524100457,0.43518399742524294,291.51091618497395,46.74481939233988
UGC06787,0.13141788294111512,7.609314483083505,0.7654435858653216,55066.386584728454,6.1008498739696435,433.1603410518447,854.281036455452,860.281036455452,3,71,False,,0.0,6.0,22.17396800616915,2.1841582706297427,582.1959326183191,278.0851038371328
UGC06818,0.5,2.0,0.2552136782206439,4772.87843441776,0.3411248148714137,2.7289985189713097,46.10016655789495,52.10016655789495,3,8,False,,0.0,6.0,200.00000000000003,1.7900684773748188,61.69171585792219,-9.59154930002724
UGC06917,0.0012499999999999996,,1.0776428457897125,6929.025165964546,0.08429022284376284,0.9271924512813912,60.56254850480139,66.56254850480138,3,11,True,,0.0,6.0,10.386488249676107,0.20586996367626195,65.89992565395889,0.6626228508424958
UGC06923,0.4208143878350722,2.3763446044338323,0.22197874999592307,4962.605739045973,0.2337648120262569,1.4025888721575415,34.33684658934365,40.33684658934365,3,6,False,,0.0,6.0,12.087699936970944,0.2867498294427347,38.65475669384252,1.6820898955011288
UGC06930,0.0012499999999999996,,1.270166293522586,5984.4771890934035,0.23806491829236914,2.3806491829236913,58.875805513920156,64.87580551392016,3,10,True,,0.0,6.0,7.668649016134385,0.21557738844610136,62.65093021545748,2.2248752984626776
UGC06973,0.4030609499058906,2.481014348409308,0.22233760164992358,22929.944825495444,0.6239360294052135,5.615424264646922,56.04604226527637,62.04604226527637,3,9,False,,0.0,6.0,8.272872467171695,0.13837059334916413,57.67595334077192,4.370088924504451
UGC06983,0.03765118429098579,26.559589527690203,0.8843514238253475,8662.828578013423,0.07824853092530171,1.330225025730129,97.80275418820884,103.80275418820884,3,17,False,,0.0,6.0,6.589370460244033,0.4559823113936748,108.22422845617119,-4.421474267962353
UGC07089,0.16302482660724069,6.134035047368579,0.7173524567593046,3878.262454150253,0.06561936359224589,0.7874323631069508,66.72781974890485,72.72781974890485,3,12,False,,0.0,6.0,32.39893673378488,0.1516989660245132,71.76077497809206,0.9670447708127909
UGC07125,0.3860564991012387,2.590294431846262,0.0,3360.160910967217,0.2454811037068944,3.191254348189627,73.66940241144053,77.66940241144053,2,13,False,,0.0,6.0,8.272872467171695,0.1711607536089902,76.70323786016779,0.9661645512727404
UGC07151,0.0012499999999999996,,1.048260483611303,2642.0706607061766,0.08102601095153096,0.8912861204668406,60.52664217398686,66.52664217398686,3,11,True,800.0000000000002,0.0,6.0,117.61635546531777,0.24628773737207615,68.34452116461284,-1.8178789906259851
UGC07232,0.5,2.0,0.4062198204169962,1311.425612613578,0.19039471436323002,0.7615788574529201,22.447162876914742,28.447162876914742,3,4,False,,0.0,6.0,1.1515482907238497,0.7495412458173567,28.683749002731247,-0.23658612581650473
UGC07261,0.5,2.0,1.554206917153119,3106.2958214026867,0.5570718303106877,3.8995028121748145,41.849274846233,47.849274846233,3,7,False,,0.0,6.0,3.8750886917236347,0.012670301619172805,44.038464145392396,3.810810700840605
UGC07323,0.3697694369377724,2.70438792421962,0.7204154536672673,3831.0869966904897,0.064643122170411,0.64643122170411,54.86039127035867,60.86039127035867,3,10,False,,0.0,6.0,200.00000000000003,0.5857258359682894,64.07121840833744,-3.210827137978775
UGC07399,0.11060507192089296,9.041176707657861,1.3570907725267098,7719.252494957043,0.47576707370242366,4.757670737024236,58.971630785678784,64.97163078567878,3,10,False,,0.0,6.0,4.865125544090533,0.1503919226739284,59.717879275393834,5.25375151028495
UGC07524,0.3860564991012387,2.590294431846262,0.5214592098375821,4736.162289953269,0.03340709867375105,1.0356200588862825,169.09889620971538,175.09889620971538,3,31,False,,0.0,6.0,22.17396800616915,0.22690320261806549,179.09727543198917,-3.9983792222737975
UGC07559,0.2111411503067189,4.73616819150283,0.7423851694003955,699.4041659319754,0.04132255083270331,0.28925785582892316,38.239029889887114,44.239029889887114,3,7,False,,0.0,6.0,126.88351061196293,0.06703978451420796,42.419050525657646,1.819979364229468
UGC07577,0.5,2.0,0.2246148528828637,170.21237683032743,0.012027190752309541,0.10824471677078587,48.90080876055988,54.90080876055988,3,9,False,,0.0,6.0,9.627893239384193,0.037520236727153766,53.13024617433348,1.7705625862264043
UGC07603,0.5,2.0,1.0523867299668244,3041.759473297457,0.14973297819712653,1.7967957383655184,66.85354779675099,72.85354779675099,3,12,False,,0.0,6.0,5.2484555073989805,0.27647163449044554,72.37441167227081,0.4791361244801777
UGC07608,0.002096757888641795,476.9267855945754,3.1506093569576934,3740.9150019016606,0.11996772918581156,0.9597418334864924,46.07258035100345,52.07258035100345,3,8,False,,0.0,6.0,200.00000000000003,1.0116153384085445,57.20576122478531,-5.1331808737818605
UGC07690,0.19370158354843892,5.162580406834569,0.905583590744256,1705.097626717685,0.03537862381975319,0.2476503667382723,38.197422400796455,44.197422400796455,3,7,False,,0.0,6.0,0.7881244735245502,0.18756700685675692,43.262741082055484,0.9346813187409708
UGC07866,0.13141788294111512,7.609314483083505,1.4210961782784761,407.36646586865976,0.03345308912607341,0.23417162388251384,38.1839436579407,44.1839436579407,3,7,False,,0.0,6.0,0.9894804514426969,0.16445733353313557,43.100973368790136,1.0829702891505661
UGC08286,0.3392276937897398,2.9478725301826927,2.711831041142171,3792.200499447335,0.35597728754193037,6.051613888212816,98.21534597092555,104.21534597092555,3,17,False,,0.0,6.0,200.00000000000003,0.24734645759683255,102.36862186185888,1.8467241090666704
UGC08490,0.09718863315738041,10.289269099820249,1.4242257663943485,4830.662395954969,0.09822980144520256,2.946894043356077,165.58877418931974,171.58877418931974,3,30,False,,0.0,6.0,2.278869045127002,0.05114650934513723,168.17627542631774,3.4124987630019916
UGC08550,0.5,2.0,1.9854271201310545,2641.938955634891,0.07099029561914803,0.7808932518106283,60.41624930533064,66.41624930533064,3,11,False,,0.0,6.0,2.4584242856930683,0.15738286438993354,65.36656756180929,1.0496817435213472
UGC08699,0.12587358765315565,7.944478413974323,0.8035469137526725,23346.769452534667,1.8597977970640465,76.2517096796259,318.0266534930247,324.0266534930247,3,41,False,,0.0,6.0,17.661639333381366,0.49050295952885253,267.88556515408175,56.14108833894295
UGC08837,0.4789058567834196,2.0880930684717853,0.0,1870.3988475518302,0.047594119946205694,0.38075295956964555,43.75192099849329,47.75192099849329,2,8,False,,0.0,6.0,16.371691167089814,0.7712036656144506,53.540797363839246,-5.788876365345956
UGC09037,0.00671404733967987,148.94145802190317,0.18911877838075036,17847.42558188793,0.17907474242719174,3.9396443333982183,132.4883669768564,138.4883669768564,3,22,False,,0.0,6.0,19.053224297895927,0.6954354001853305,147.84830144753548,-9.359934470679065
UGC09133,0.039309588468880614,25.43908595714882,0.7235232279116972,40541.906440283085,3.5388428250949144,240.6413121064542,634.4185087744877,640.4185087744877,3,68,False,,0.0,6.0,25.80586096353838,1.072375919998951,472.6987592279623,167.7197495465254
UGC09992,0.0012499999999999996,,1.7150882382825254,0.0,0.01736773547966529,0.08683867739832644,27.193818701725604,31.193818701725604,2,5,True,800.0000000000002,0.0,6.0,0.9172120470309147,0.005819415722553069,31.136077102940042,0.05774159878556162
UGC10310,0.0750406069383457,13.326118228516094,2.1186152924966644,1501.4594747612925,0.04917155815438939,0.3442009070807257,38.29397294113891,44.29397294113891,3,7,False,,0.0,6.0,2.8610916768857493,0.3291708542011983,44.25396801346658,0.040004927672327995
UGC11455,0.07834588560093773,12.763912135649289,0.31743712041555655,58613.239496956056,3.1572957305098366,113.66264629835412,326.29216802771055,332.29216802771055,3,36,False,,0.0,6.0,200.00000000000003,3.450203107664566,342.8368336052807,-10.544665577570129
UGC11557,0.05549544595012156,18.019496606960946,0.24641028325371714,5443.438806990883,0.9392835623852075,11.27140274862249,82.6809262573837,88.6809262573837,3,12,False,,0.0,6.0,200.00000000000003,1.2542246510410495,92.46021932125382,-3.7792930638701137
UGC11820,0.025544648830967184,39.147142190802924,2.198396310238418,5144.87938490698,0.10811721043205717,1.0811721043205718,55.84786877807814,61.84786877807814,3,10,False,,0.0,6.0,200.00000000000003,0.13757371410931404,62.142433814850705,-0.2945650367725676
UGC11914,0.025544648830967184,39.147142190802924,0.8521961443337684,5977.372600903426,2.459371313878687,159.85913540211465,565.7976783287363,571.7976783287363,3,65,False,,0.0,6.0,1.682555878437282,1.5913719235510007,515.3777179574365,56.419960371299794
UGC12506,0.0020082992662547837,497.9337575842816,1.4482865399941767,24528.147569621357,1.4758085148805324,45.750063961296505,265.98244278080733,271.98244278080733,3,31,False,,0.0,6.0,9.627893239384193,0.1368164617447547,230.47368913359824,41.50875364720909
UGC12632,0.20223346697975184,4.944779985896808,2.1105282011130018,2797.1722516601967,0.02749750088625961,0.4124625132938941,82.19297877434147,88.19297877434147,3,15,False,,0.0,6.0,7.108556062724371,0.2085223487111591,88.90835149171497,-0.7153727173734978
UGC12732,0.16302482660724069,6.134035047368579,2.9822462591715446,6242.026998226649,0.11181663454385181,1.789066152701629,88.5314022305489,94.5314022305489,3,16,False,,0.0,6.0,9.627893239384193,0.10881304663052259,92.48334482393565,2.0480574066132533
UGCA281,0.5,2.0,1.0951990721006293,443.7485307560438,0.02228340637791254,0.15598384464538778,38.105755878703576,44.105755878703576,3,7,False,,0.0,6.0,200.00000000000003,0.015154634246488927,44.05585447378361,0.04990140491996442
UGCA442,0.2508720666526624,3.986095436382405,0.0,2828.884067887554,0.2273349778083375,1.8186798224667,45.18984786139034,49.18984786139034,2,8,False,,0.0,6.0,25.80586096353838,0.1394745037214887,48.486964068695556,0.7028837926947844
UGCA444,0.0079774450847808,125.35341696150046,13.284491383555244,630.7052308118239,0.04918768125080419,1.7707565250289508,197.79727706774827,203.79727706774827,3,36,False,,0.0,6.0,200.00000000000003,0.07324896226720333,202.66348318433862,1.133793883409652
